Workbook

Sheet 表紙
C10: IFマッピング定義書
C23: バージョン | E23: =MAX(改訂履歴!B:B) -> 1 | F23: 最終更新日 | H23: =MAX(改訂履歴!G:G) -> 46053

Sheet 改訂履歴
A1: No | B1: バージョン | C1: 変更管理＃ | D1: 変更理由/内容 | E1: 変更シート | F1: 作成/変更者 | G1: 変更日 | H1: 承認者 | I1: 承認日
A2: 1 | B2: 1 | C2: - | D2: 新規作成 | E2: - | G2: 46053
A3: 2
A4: 3
A5: 4
A6: 5
A7: 6
A8: 7
A9: 8
A10: 9
A11: 10
A12: 11
A13: 12
A14: 13
... A21: 20

Sheet 対象IF
B2: 会社名 | D2: プロジェクト名
B4: 1. 共通 | K4: e
B5: IF-ID | C5: IF名称 | D5: 領域 | E5: 通番 | F5: 送信システム(From) | G5: 受信システム(To) | H5: IF基盤 使用有無 | I5: 連携パターン | J5: 備考 | K5: e
B6: 別途採番予定 | C6: sample01 | D6: 財務会計 | E6: 別途採番予定 | F6: SAP | G6: BtoB | K6: e
B7: 別途採番予定 | C7: sample02 | D7: 財務会計 | E7: 別途採番予定 | F7: SAP | G7: BtoB | K7: e
K8: e
K9: e
K10: e
K11: e
K12: e
K13: e
K14: e
K15: e
K16: e
K17: e
K18: e
K19: e
... K34: e
B35: e | C35: e | D35: e | E35: e | F35: e | G35: e | H35: e | I35: e | J35: e | K35: e

Sheet IFマッピング定義
C2: 1 | D2: 2 | E2: 3 | F2: 4 | G2: 5 | H2: 6 | I2: 7 | J2: 8 | K2: 9 | L2: 10 | M2: 11 | N2: 12 | P2: 13 | Q2: 14 | S2: 15 | T2: 16 | U2: 17 | V2: 18 | W2: 19 | X2: 20 | Y2: 21 | Z2: 22 | AA2: 23 | AB2: 24 | AC2: 25
B3: No. | C3: 2. 送信システム(From) | P3: 3. 変換 | S3: 4. 受信システム(To) | AD3: e
C4: 項目名 | D4: 標準/追加開発 | E4: キー | F4: 必須/任意 | G4: テーブルID | H4: 項目ID | I4: データ型 | J4: 桁数 (全体) | K4: 桁数 (小数点以下) | L4: 項目説明 | M4: 備考 | N4: サンプル値 (表示形式込み) | P4: 変換要否 | Q4: 変換No. | S4: 項目名 | T4: 標準/追加開発 | U4: キー | V4: 必須/任意 | W4: テーブルID | X4: 項目ID | Y4: データ型 | Z4: 桁数 (全体) | AA4: 桁数 (小数点以下) | AB4: 備考 | AC4: サンプル値 (表示形式込み) | AD4: e
B5: =ROW()-4 -> 1 | AD5: e
B6: =ROW()-4 -> 2 | AD6: e
B7: =ROW()-4 -> 3 | AD7: e
B8: =ROW()-4 -> 4 | AD8: e
B9: =ROW()-4 -> 5 | AD9: e
B10: =ROW()-4 -> 6 | AD10: e
B11: =ROW()-4 -> 7 | AD11: e
B12: =ROW()-4 -> 8 | AD12: e
B13: =ROW()-4 -> 9 | AD13: e
B14: =ROW()-4 -> 10 | AD14: e
B15: =ROW()-4 -> 11 | AD15: e
B16: =ROW()-4 -> 12 | AD16: e
... B23: =ROW()-4 -> 19 | AD23: e
B24: 20 | AD24: e
AD25: e
B26: e | C26: e | D26: e | E26: e | F26: e | G26: e | H26: e | I26: e | J26: e | K26: e | L26: e | M26: e | N26: e | P26: e | Q26: e | S26: e | T26: e | U26: e | V26: e | W26: e | X26: e | Y26: e | Z26: e | AA26: e | AB26: e | AC26: e | AD26: e

Sheet 変換仕様
B2: 変換No. | C2: 送信側項目名 | D2: 受信側項目名 | E2: 変換内容 | F2: 変換場所 | G2: e
B3: 001 | C3: =_xlfn.XLOOKUP(B3, IFマッピング定義!Q:Q, IFマッピング定義!C:C, "") -> #NAME? | D3: =_xlfn.XLOOKUP(B3, IFマッピング定義!Q:Q, IFマッピング定義!S:S, "") -> #NAME? | E3: EBSの勘定科目コードと細目コードを統合して、SAPの勘定コードにする方向で検討しています。 (勘定コードの7,8,9桁目でEBSの細目コードに相当する情報を管理します。) | G3: e
B4: 002 | C4: =_xlfn.XLOOKUP(B4, IFマッピング定義!Q:Q, IFマッピング定義!C:C, "") -> #NAME? | D4: =_xlfn.XLOOKUP(B4, IFマッピング定義!Q:Q, IFマッピング定義!S:S, "") -> #NAME? | G4: e
B5: 003 | C5: =_xlfn.XLOOKUP(B5, IFマッピング定義!Q:Q, IFマッピング定義!C:C, "") -> #NAME? | D5: =_xlfn.XLOOKUP(B5, IFマッピング定義!Q:Q, IFマッピング定義!S:S, "") -> #NAME? | G5: e
B6: 004 | C6: =_xlfn.XLOOKUP(B6, IFマッピング定義!Q:Q, IFマッピング定義!C:C, "") -> #NAME? | D6: =_xlfn.XLOOKUP(B6, IFマッピング定義!Q:Q, IFマッピング定義!S:S, "") -> #NAME? | G6: e
B7: 005 | C7: =_xlfn.XLOOKUP(B7, IFマッピング定義!Q:Q, IFマッピング定義!C:C, "") -> #NAME? | D7: =_xlfn.XLOOKUP(B7, IFマッピング定義!Q:Q, IFマッピング定義!S:S, "") -> #NAME? | G7: e
B8: 006 | C8: =_xlfn.XLOOKUP(B8, IFマッピング定義!Q:Q, IFマッピング定義!C:C, "") -> #NAME? | D8: =_xlfn.XLOOKUP(B8, IFマッピング定義!Q:Q, IFマッピング定義!S:S, "") -> #NAME? | G8: e
B9: 007 | C9: =_xlfn.XLOOKUP(B9, IFマッピング定義!Q:Q, IFマッピング定義!C:C, "") -> #NAME? | D9: =_xlfn.XLOOKUP(B9, IFマッピング定義!Q:Q, IFマッピング定義!S:S, "") -> #NAME? | G9: e
B10: 008 | C10: =_xlfn.XLOOKUP(B10, IFマッピング定義!Q:Q, IFマッピング定義!C:C, "") -> #NAME? | D10: =_xlfn.XLOOKUP(B10, IFマッピング定義!Q:Q, IFマッピング定義!S:S, "") -> #NAME? | G10: e
B11: 009 | C11: =_xlfn.XLOOKUP(B11, IFマッピング定義!Q:Q, IFマッピング定義!C:C, "") -> #NAME? | D11: =_xlfn.XLOOKUP(B11, IFマッピング定義!Q:Q, IFマッピング定義!S:S, "") -> #NAME? | G11: e
B12: 010 | C12: =_xlfn.XLOOKUP(B12, IFマッピング定義!Q:Q, IFマッピング定義!C:C, "") -> #NAME? | D12: =_xlfn.XLOOKUP(B12, IFマッピング定義!Q:Q, IFマッピング定義!S:S, "") -> #NAME? | G12: e
B13: 011 | C13: =_xlfn.XLOOKUP(B13, IFマッピング定義!Q:Q, IFマッピング定義!C:C, "") -> #NAME? | D13: =_xlfn.XLOOKUP(B13, IFマッピング定義!Q:Q, IFマッピング定義!S:S, "") -> #NAME? | G13: e
B14: 012 | C14: =_xlfn.XLOOKUP(B14, IFマッピング定義!Q:Q, IFマッピング定義!C:C, "") -> #NAME? | D14: =_xlfn.XLOOKUP(B14, IFマッピング定義!Q:Q, IFマッピング定義!S:S, "") -> #NAME? | G14: e
B15: 013 | C15: =_xlfn.XLOOKUP(B15, IFマッピング定義!Q:Q, IFマッピング定義!C:C, "") -> #NAME? | D15: =_xlfn.XLOOKUP(B15, IFマッピング定義!Q:Q, IFマッピング定義!S:S, "") -> #NAME? | G15: e
... B52: 050 | C52: =_xlfn.XLOOKUP(B52, IFマッピング定義!Q:Q, IFマッピング定義!C:C, "") -> #NAME? | D52: =_xlfn.XLOOKUP(B52, IFマッピング定義!Q:Q, IFマッピング定義!S:S, "") -> #NAME? | G52: e
B53: e | C53: e | D53: e | E53: e | F53: e | G53: e

Sheet リスト
A1: 領域 | B1: 連携基盤使用有無 | C1: 連携パターン | D1: 標準/追加開発 | E1: キー | F1: 必須・任意 | G1: データ型 | H1: 変換要否 | I1: 変換場所
A2: 生産 | B2: 有 | C2: A1.SAP→周辺システム(非リアルタイム/Snowflake非経由) | D2: 標準 | E2: ● | F2: ○ | G2: 文字型 | H2: 要 | I2: 送信システム
A3: 調達 | B3: 無 | C3: A2.SAP→周辺システム(非リアルタイム/Snowflake経由/Waha使用) | D3: 追加開発 | G3: 数値型 | H3: 不要 | I3: 連携基盤
A4: 販売 | C4: A3.SAP→周辺システム(非リアルタイム/Snowflake経由/Snowflake直アクセス) | G4: 日付型 | I4: 受信システム
A5: 製販 | C5: B1.周辺システム→SAP(非リアルタイム/Snowflake非経由)
A6: 原価 | C6: B2.周辺システム→SAP(非リアルタイム/Snowflake経由/Fivetran使用)
A7: 財務会計 | C7: B3.周辺システム→SAP(非リアルタイム/Snowflake経由/S3経由)
A8: 管理会計 | C8: C1.周辺システム→SAP(リアルタイム/参照)
A9: マスタ | C9: C2.周辺システム→SAP(リアルタイム/更新)
C10: C3.SAP→周辺システム(リアルタイム/参照)
C11: C4.SAP→周辺システム(リアルタイム/更新)
C12: C5.本社-SAP⇔子会社-SAP（リアルタイム/更新・参照）
C13: ZZ.その他
